season_year,date,opponent,venue,result,score,notes,home_away,competition
2025.0,2025-08-26,West De Pere,Home,W,1-0,,,Non-Conference
2025.0,2025-08-28,Wausau West,Home,W,4-0,,,Non-Conference
2025.0,2025-09-02,Neenah,Away,T,0-0,,,Fox Valley Association
2025.0,2025-09-04,Oshkosh North,Home,W,2-1,,,Fox Valley Association
2025.0,2025-09-06,Green Bay East,Neutral,W,8-0,GB East/Manitowoc Tri,,Non-Conference
2025.0,2025-09-06,Manitowoc Lincoln,Away,W,10-0,GB East/Manitowoc Tri,,Non-Conference
2025.0,2025-09-09,Appleton East,Away,W,2-0,,,Fox Valley Association
2025.0,2025-09-11,Fond du Lac,Home,W,2-0,,,Fox Valley Association
2025.0,2025-09-13,Fox Valley Lutheran,Away,W,8-0,,,Non-Conference
2025.0,2025-09-16,Appleton North,Away,W,7-0,,,Fox Valley Association
2025.0,2025-09-19,De Pere,Away,W,3-2,De Pere/Preble/DC Everest Quad,,Non-Conference
2025.0,2025-09-20,Green Bay Preble,Away,W,3-1,De Pere/Preble/DC Everest Quad,,Non-Conference
2025.0,2025-09-23,Appleton West,Home,W,2-1,,,Fox Valley Association
2025.0,2025-09-25,Oshkosh West,Away,W,3-0,,,Fox Valley Association
2025.0,2025-09-30,Kaukauna,Home,W,2-0,,,Fox Valley Association
2025.0,2025-10-04,Marshfield,Away,W,8-0,,,Non-Conference
2025.0,2025-10-07,Kimberly,Away,T,1-1,Won share of first ever FVA Championship,,Fox Valley Association
2025.0,2025-10-11,Notre Dame,Home,W,4-1,,,Non-Conference
2025.0,2025-10-13,DC Everest,Away,T,1-1,,,Non-Conference
2025.0,2025-10-16,Waupaca,Home,W,8-0,,,Non-Conference
2025.0,2025-10-21,Wausau West,Home,W,3-0,D1,,Post Season
2025.0,2025-10-25,Green Bay Preble,Home,W,1-0,D1 ,,Post Season
2025.0,2025-10-30,DC Everest,Home,W,2-1,D1,,Post Season
2025.0,2025-11-01,Hudson,Neutral,T,2-2,D1 - Lost 4-5 in penalty kicks on 6th kick ,,Post Season
2024.0,2024-08-27,Marshfield,Home,W,3-1,,,Non-Conference
2024.0,2024-08-29,Wausau East,Home,W,4-0,,,Non-Conference
2024.0,2024-09-03,Neenah,Home,T,1-1,,,Fox Valley Association
2024.0,2024-09-05,Pulaski,Away,L,0-1,,,Non-Conference
2024.0,2024-09-07,Green Bay East,Away,W,4-0,GB East/Manitowoc Tri,,Non-Conference
2024.0,2024-09-07,Manitowoc Lincoln,Neutral,W,8-0,GB East/Manitowoc Tri,,Non-Conference
2024.0,2024-09-10,Kimberly,Away,T,0-0,,,Fox Valley Association
2024.0,2024-09-12,Kaukauna,Home,W,1-0,,,Fox Valley Association
2024.0,2024-09-17,Fond du Lac,Home,W,4-0,,,Fox Valley Association
2024.0,2024-09-19,Appleton East,Away,W,5-0,,,Fox Valley Association
2024.0,2024-09-21,Green Bay Preble,Home,W,4-1,,,Non-Conference
2024.0,2024-09-24,Oshkosh West,Home,T,1-1,,,Fox Valley Association
2024.0,2024-09-26,Appleton West,Away,T,1-1,,,Fox Valley Association
2024.0,2024-10-01,Oshkosh North,Home,W,6-0,,,Fox Valley Association
2024.0,2024-10-03,West De Pere,Home,W,3-0,,,Non-Conference
2024.0,2024-10-05,Notre Dame,Home,L,2-3,,,Non-Conference
2024.0,2024-10-08,Appleton North,Away,W,1-0,,,Fox Valley Association
2024.0,2024-10-11,Sturgeon Bay,Home,W,7-0,,,Non-Conference
2024.0,2024-10-15,Waupaca,Home,W,6-0,,,Non-Conference
2024.0,2024-10-22,Appleton West,Home,W,4-3,D1,,Post Season
2024.0,2024-10-26,Green Bay Preble,Away,L,0-2,D1,,Post Season
2023.0,2023-08-22,Pulaski,Home,W,1-0,,,Non-Conference
2023.0,2023-08-24,Marshfield,Away,W,4-0,,,Non-Conference
2023.0,2023-08-29,Bay Port,Away,W,2-0,,,Non-Conference
2023.0,2023-08-31,Neenah,Away,T,1-1,,,Fox Valley Association
2023.0,2023-09-05,Kimberly,Home,T,1-1,,,Fox Valley Association
2023.0,2023-09-07,Kaukauna,Away,W,3-1,,,Fox Valley Association
2023.0,2023-09-09,Green Bay East,Away,W,4-1,GB East/Manitowoc Tri,,Non-Conference
2023.0,2023-09-09,Manitowoc Lincoln,Neutral,W,8-0,GB East/Manitowoc Tri,,Non-Conference
2023.0,2023-09-12,Fond du Lac,Home,L,1-3,,,Fox Valley Association
2023.0,2023-09-14,Appleton East,Away,L,0-4,,,Fox Valley Association
2023.0,2023-09-19,Oshkosh West,Home,W,1-0,,,Fox Valley Association
2023.0,2023-09-21,Appleton West,Away,W,6-1,,,Fox Valley Association
2023.0,2023-09-23,Wisconsin Rapids,Home,T,1-1,,,Non-Conference
2023.0,2023-09-26,Oshkosh North,Away,W,5-0,,,Fox Valley Association
2023.0,2023-09-28,West De Pere,Away,L,0-1,,,Non-Conference
2023.0,2023-10-03,Appleton North,Home,L,0-1,,,Fox Valley Association
2023.0,2023-10-05,Waupaca,Away,W,4-0,,,Non-Conference
2023.0,2023-10-09,Ashwaubenon,Away,W,7-0,,,Non-Conference
2023.0,2023-10-17,Green Bay West,Home,W,10-0,D2,,Post Season
2023.0,2023-10-21,Port Washington,Home,W,2-0,D2,,Post Season
2023.0,2023-10-26,West De Pere,Away,L,0-2,D2,,Post Season
2022.0,2022-08-23,Marshfield,Home,L,1-2,,,Non-Conference
2022.0,2022-08-26,Pulaski,Away,W,2-1,,,Non-Conference
2022.0,2022-08-30,Bay Port,Home,L,0-1,,,Non-Conference
2022.0,2022-09-01,Neenah,Home,L,1-2,,,Fox Valley Association
2022.0,2022-09-06,Kaukauna,Away,W,2-0,,,Fox Valley Association
2022.0,2022-09-08,Appleton West,Home,T,1-1,,,Fox Valley Association
2022.0,2022-09-10,Green Bay East,Neutral,W,1-0,GB East/Manitowoc Tri,,Non-Conference
2022.0,2022-09-10,Manitowoc Lincoln,Away,W,7-0,GB East/Manitowoc Tri,,Non-Conference
2022.0,2022-09-13,Fond du Lac,Home,T,0-0,,,Fox Valley Association
2022.0,2022-09-15,Oshkosh West,Away,L,0-1,,,Fox Valley Association
2022.0,2022-09-17,De Pere,Away,L,1-2,,,Non-Conference
2022.0,2022-09-20,Appleton North,Home,L,0-1,,,Fox Valley Association
2022.0,2022-09-22,Kimberly,Away,L,0-2,,,Fox Valley Association
2022.0,2022-09-27,Appleton East,Home,T,0-0,,,Fox Valley Association
2022.0,2022-09-29,West De Pere,Home,T,0-0,,,Non-Conference
2022.0,2022-10-04,Oshkosh North,Away,T,1-1,,,Fox Valley Association
2022.0,2022-10-07,Onalaska,Home,W,2-1,,,Non-Conference
2022.0,2022-10-13,Marinette,Home,W,5-0,,,Non-Conference
2022.0,2022-10-18,Wisconsin Rapids,Away,L,0-5,D1,,Post Season
2021.0,2021-08-24,Green Bay Southwest,Home,W,3-0,,,Non-Conference
2021.0,2021-08-26,Seymour,Away,L,0-1,,,Non-Conference
2021.0,2021-08-28,West De Pere,Away,W,7-1,,,Non-Conference
2021.0,2021-08-31,New London,Away,W,7-0,,,Non-Conference
2021.0,2021-09-02,Bay Port,Away,T,2-2,,,Non-Conference
2021.0,2021-09-07,Kaukauna,Home,W,10-0,,,Fox Valley Association
2021.0,2021-09-09,Appleton West,Away,T,1-1,,,Fox Valley Association
2021.0,2021-09-11,Shawano,Home,W,10-0,,,Non-Conference
2021.0,2021-09-14,Fond du Lac,Away,W,4-3,,,Fox Valley Association
2021.0,2021-09-17,Pulaski,Home,W,2-0,,,Non-Conference
2021.0,2021-09-21,Oshkosh West,Home,W,2-0,,,Fox Valley Association
2021.0,2021-09-23,Appleton North,Away,L,0-4,,,Fox Valley Association
2021.0,2021-09-28,Kimberly,Home,L,1-3,,,Fox Valley Association
2021.0,2021-09-30,Waupaca,Home,W,9-0,,,Non-Conference
2021.0,2021-10-02,Marshfield,Away,W,4-0,,,Non-Conference
2021.0,2021-10-05,Appleton East,Away,L,0-2,,,Fox Valley Association
2021.0,2021-10-09,Wisconsin Rapids,Away,L,1-4,,,Non-Conference
2021.0,2021-10-12,Oshkosh North,Home,W,3-1,,,Fox Valley Association
2021.0,2021-10-14,Neenah,Away,T,1-1,,,Fox Valley Association
2021.0,2021-10-19,Wisconsin Rapids,Away,L,3-5,D1,,Post Season
2020.0,2020-09-25,Marshfield,Home,W,2-0,COVID Season - Played Fall in WI Valley Conference,,Wisconsin Valley Conference
2020.0,2020-09-26,DC Everest,Away,L,0-2,,,Wisconsin Valley Conference
2020.0,2020-10-01,Wisconsin Rapids,Home,T,1-1,,,Wisconsin Valley Conference
2020.0,2020-10-03,Wausau East,Away,W,5-0,,,Wisconsin Valley Conference
2020.0,2020-10-08,Wausau West,Home,L,0-2,,,Wisconsin Valley Conference
2020.0,2020-10-10,Marshfield,Away,T,3-3,,,Wisconsin Valley Conference
2020.0,2020-10-13,DC Everest,Home,W,3-0,,,Wisconsin Valley Conference
2020.0,2020-10-17,Wisconsin Rapids,Away,L,0-4,,,Wisconsin Valley Conference
2020.0,2020-10-20,Wausau West,Away,L,2-4,Game was played in an inch of snow and called at 60 minutes,,Wisconsin Valley Conference
2020.0,2020-10-24,West Bend West,Home,W,4-0,D1,,Post Season
2020.0,2020-10-29,Slinger,Away,W,4-1,D1,,Post Season
2020.0,2020-10-31,Arrowhead,Away,L,0-1,D1 - Lost in game to go to state,,Post Season
2019.0,2019-08-27,Wausau East,Home,W,5-0,,,Non-Conference
2019.0,2019-08-29,New London,Home,W,8-1,,,Non-Conference
2019.0,2019-09-03,Pulaski,Away,T,1-1,,,Non-Conference
2019.0,2019-09-05,Neenah,Away,L,0-4,,,Fox Valley Association
2019.0,2019-09-10,Fond du Lac,Home,W,1-0,,,Fox Valley Association
2019.0,2019-09-12,Green Bay East,Away,W,4-2,,,Non-Conference
2019.0,2019-09-17,Appleton East,Away,L,4-5,,,Fox Valley Association
2019.0,2019-09-19,Waupaca,Home,W,4-2,,,Non-Conference
2019.0,2019-09-21,DeForest,Away,T,0-0,DeForest Invite,,Non-Conference
2019.0,2019-09-21,Omro,Neutral,T,2-2,DeForest Invite,,Non-Conference
2019.0,2019-09-21,Portage/Poynette,Neutral,W,2-0,DeForest Invite,,Non-Conference
2019.0,2019-09-24,Appleton North,Home,L,2-7,,,Fox Valley Association
2019.0,2019-09-26,Oshkosh North,Away,L,0-1,,,Fox Valley Association
2019.0,2019-10-05,Marshfield,Home,W,4-1,,,Non-Conference
2019.0,2019-10-07,Kaukauna,Away,W,4-1,,,Fox Valley Association
2019.0,2019-10-08,Appleton West,Home,L,0-4,,,Fox Valley Association
2019.0,2019-10-10,Oshkosh West,Away,L,0-4,,,Fox Valley Association
2019.0,2019-10-15,Kimberly,Away,L,2-3,,,Fox Valley Association
2019.0,2019-10-22,Green Bay West,Home,W,13-0,D2,,Post Season
2019.0,2019-10-26,Marshfield,Home,W,2-0,D2,,Post Season
2019.0,2019-10-31,Pulaski,Away,T,2-2,D2,,Post Season
2019.0,2019-11-02,New Richmond,Away,L,0-4,D2 - Lost in game to go to state,,Post Season
2018.0,2018-08-21,New London,Away,L,0-3,,,Non-Conference
2018.0,2018-08-23,Neenah,Home,L,0-7,,,Fox Valley Association
2018.0,2018-08-27,Ashwaubenon,Home,W,4-0,,,Non-Conference
2018.0,2018-08-30,Pulaski,Home,W,2-0,,,Non-Conference
2018.0,2018-09-06,Green Bay West,Home,W,8-0,,,Non-Conference
2018.0,2018-09-11,Appleton North,Away,L,0-3,,,Fox Valley Association
2018.0,2018-09-15,Freedom,Neutral,W,2-0,Stoughton Invite,,Non-Conference
2018.0,2018-09-15,Stoughton,Away,W,1-0,Stoughton Invite,,Non-Conference
2018.0,2018-09-15,Winneconne,Neutral,W,5-0,Stoughton Invite,,Non-Conference
2018.0,2018-09-18,Oshkosh North,Home,T,0-0,,,Fox Valley Association
2018.0,2018-09-20,Waupaca,Away,W,3-2,,,Non-Conference
2018.0,2018-09-25,Kaukauna,Home,L,1-2,,,Fox Valley Association
2018.0,2018-10-02,Appleton West,Away,L,1-5,,,Fox Valley Association
2018.0,2018-10-04,Appleton East,Home,T,2-2,,,Fox Valley Association
2018.0,2018-10-08,Fond du Lac,Away,W,3-1,,,Fox Valley Association
2018.0,2018-10-11,Oshkosh West,Home,L,0-1,,,Fox Valley Association
2018.0,2018-10-12,Kimberly,Home,L,0-1,,,Fox Valley Association
2018.0,2018-10-16,Green Bay West,Home,W,9-0,,,Non-Conference
2018.0,2018-10-20,Pulaski,Home,L,0-2,D2 ,,Post Season
2017.0,2017-08-22,Pulaski,Away,L,2-3,,,Non-Conference
2017.0,2017-08-24,Kaukauna,Away,L,0-2,,,Fox Valley Association
2017.0,2017-08-26,Menasha,Home,L,0-2,Seymour Tri,,Non-Conference
2017.0,2017-08-26,Seymour,Away,L,1-2,Seymour Tri,,Non-Conference
2017.0,2017-08-29,Oshkosh West,Home,L,1-8,,,Fox Valley Association
2017.0,2017-08-31,Green Bay East,Home,W,4-0,,,Non-Conference
2017.0,2017-09-05,Fond du Lac,Away,L,3-4,,,Fox Valley Association
2017.0,2017-09-07,New London,Home,W,3-0,,,Non-Conference
2017.0,2017-09-12,Oshkosh North,Away,L,1-3,,,Fox Valley Association
2017.0,2017-09-16,Berlin,Neutral,W,4-0,Stoughton Invite,,Non-Conference
2017.0,2017-09-16,Ripon,Neutral,W,1-0,Stoughton Invite,,Non-Conference
2017.0,2017-09-16,Stoughton,Away,T,0-0,Stoughton Invite,,Non-Conference
2017.0,2017-09-19,Neenah,Home,L,1-9,,,Fox Valley Association
2017.0,2017-09-21,Green Bay West,Away,W,10-0,,,Non-Conference
2017.0,2017-09-26,Appleton North,Away,L,1-6,,,Fox Valley Association
2017.0,2017-09-30,Green Bay Southwest,Away,T,0-0,,,Non-Conference
2017.0,2017-10-03,Appleton West,Home,L,4-8,,,Fox Valley Association
2017.0,2017-10-10,Kimberly,Away,L,0-10,,,Fox Valley Association
2017.0,2017-10-12,Appleton East,Home,L,1-3,,,Fox Valley Association
2017.0,2017-10-19,Ashwaubenon,Home,W,6-3,,,Non-Conference
2017.0,2017-10-21,Pulaski,Away,L,0-5,D2,,Post Season
2016.0,2016-08-23,Pulaski,Home,T,2-2,,,Non-Conference
2016.0,2016-08-25,Kaukauna,Home,W,3-1,,,Fox Valley Association
2016.0,2016-08-27,Seymour,Home,T,1-1,,,Non-Conference
2016.0,2016-08-30,Oshkosh West,Away,L,0-3,,,Fox Valley Association
2016.0,2016-09-08,Green Bay West,Home,W,9-1,,,Non-Conference
2016.0,2016-09-13,Oshkosh North,Home,L,3-6,,,Fox Valley Association
2016.0,2016-09-15,Fond du Lac,Home,W,8-1,,,Fox Valley Association
2016.0,2016-09-17,Berlin,Away,W,2-0,Berlin Invite,,Non-Conference
2016.0,2016-09-17,Ripon,Neutral,W,4-0,Berlin Invite,,Non-Conference
2016.0,2016-09-17,Wautoma/Wild Rose,Neutral,W,4-0,Berlin Invite,,Non-Conference
2016.0,2016-09-20,Neenah,Away,L,1-5,,,Fox Valley Association
2016.0,2016-09-22,Waupaca,Home,L,2-6,,,Non-Conference
2016.0,2016-09-24,Marshfield,Away,L,1-7,Polar Bear Tri,,Non-Conference
2016.0,2016-09-24,Wausau East,Home,L,1-2,Polar Bear Tri,,Non-Conference
2016.0,2016-09-27,Appleton North,Home,L,3-11,,,Fox Valley Association
2016.0,2016-10-04,Appleton West,Away,W,7-2,,,Fox Valley Association
2016.0,2016-10-06,New London,Away,W,2-1,,,Non-Conference
2016.0,2016-10-11,Kimberly,Home,L,0-6,,,Fox Valley Association
2016.0,2016-10-13,Appleton East,Home,W,6-0,,,Fox Valley Association
2016.0,2016-10-20,Wausau East,Away,T,1-1,,,Post Season
2015.0,2015-08-25,Pulaski,Away,L,1-3,,,Non-Conference
2015.0,2015-08-29,Seymour,Away,W,1-0,,,Non-Conference
2015.0,2015-09-01,Appleton North,Away,L,0-3,,,Fox Valley Association
2015.0,2015-09-03,Waupaca,Away,W,4-3,,,Non-Conference
2015.0,2015-09-10,Kimberly,Home,L,2-7,,,Fox Valley Association
2015.0,2015-09-14,St. Mary Catholic,Home,W,5-0,,,Non-Conference
2015.0,2015-09-15,Oshkosh North,Away,L,1-8,,,Fox Valley Association
2015.0,2015-09-17,Little Chute,Away,W,3-1,Berlin Invite,,Non-Conference
2015.0,2015-09-19,Berlin,Away,L,1-4,Berlin Invite,,Non-Conference
2015.0,2015-09-19,Ripon,Neutral,W,4-0,Berlin Invite,,Non-Conference
2015.0,2015-09-19,Winneconne,Neutral,L,2-3,,,Non-Conference
2015.0,2015-09-22,Appleton West,Away,L,1-5,,,Fox Valley Association
2015.0,2015-09-24,New London,Away,W,4-3,,,Non-Conference
2015.0,2015-09-26,Phillips,Away,L,2-8,,,Non-Conference
2015.0,2015-09-29,Neenah,Home,L,0-12,,,Fox Valley Association
2015.0,2015-10-06,Appleton East,Away,W,3-0,,,Fox Valley Association
2015.0,2015-10-08,Kaukauna,Away,L,2-4,,,Fox Valley Association
2015.0,2015-10-10,Fox Valley Lutheran,Home,L,2-5,,,Non-Conference
2015.0,2015-10-13,Fond du Lac,Away,L,2-6,,,Fox Valley Association
2015.0,2015-10-15,Oshkosh West,Home,L,1-5,,,Fox Valley Association
2015.0,2015-10-22,Pulaski,Away,L,1-5,,,Post Season
2014.0,2014-08-19,Little Chute,Home,W,10-0,,,Non-Conference
2014.0,2014-08-21,New London,Home,W,4-2,,,Non-Conference
2014.0,2014-08-23,Iron Mountain,Neutral,W,9-1,Wausau Tri,,Non-Conference
2014.0,2014-08-23,Wausau East,Away,W,2-1,Wausau Tri,,Non-Conference
2014.0,2014-08-26,Appleton North,Home,L,0-1,,,Fox Valley Association
2014.0,2014-08-28,Kaukauna,Away,W,2-1,,,Fox Valley Association
2014.0,2014-09-09,Oshkosh North,Home,T,1-1,,,Fox Valley Association
2014.0,2014-09-11,Appleton West,Home,L,0-4,,,Fox Valley Association
2014.0,2014-09-13,Holmen,Neutral,W,2-0,Marshfield Tri,,Non-Conference
2014.0,2014-09-13,Marshfield,Away,T,1-1,Marshfield Tri,,Non-Conference
2014.0,2014-09-16,Neenah,Away,L,0-2,,,Fox Valley Association
2014.0,2014-09-20,Berlin,Away,W,4-1,Berlin Invite,,Non-Conference
2014.0,2014-09-20,Milton,Neutral,W,1-0,Berlin Invite,,Non-Conference
2014.0,2014-09-20,NFDL/Oakfield/Springs,Neutral,W,2-1,Berlin Invite,,Non-Conference
2014.0,2014-09-23,Appleton East,Home,W,5-2,,,Fox Valley Association
2014.0,2014-09-25,Waupaca,Away,W,2-1,,,Non-Conference
2014.0,2014-09-27,Ashwaubenon,Home,L,0-2,Polar Bear Tri,,Non-Conference
2014.0,2014-09-27,Winneconne,Home,T,1-1,Polar Bear Tri,,Non-Conference
2014.0,2014-09-30,Fond du Lac,Home,T,1-1,,,Fox Valley Association
2014.0,2014-10-02,Kimberly,Away,L,0-6,,,Fox Valley Association
2014.0,2014-10-09,Oshkosh West,Away,L,0-4,,,Fox Valley Association
2014.0,2014-10-14,Merrill,Home,W,4-1,D2,,Post Season
2014.0,2014-10-16,Wausau East,Home,L,1-2,D2,,Post Season
2013.0,2013-08-20,Clintonville,Home,W,11-0,,,Non-Conference
2013.0,2013-08-22,Manitowoc Lincoln,Away,L,2-3,,,Non-Conference
2013.0,2013-08-23,Freedom,Neutral,W,10-2,,,Bay Conference
2013.0,2013-09-05,Luxemburg-Casco,Away,W,4-2,,,Bay Conference
2013.0,2013-09-10,Denmark,Away,W,13-0,,,Bay Conference
2013.0,2013-09-12,Marinette,Home,W,3-1,,,Bay Conference
2013.0,2013-09-14,Mukwonago,Neutral,L,0-3,Wausau Invite,,Non-Conference
2013.0,2013-09-14,Oshkosh North,Neutral,L,1-2,Wausau Invite,,Non-Conference
2013.0,2013-09-14,Wausau West,Neutral,L,0-1,Wausau Invite,,Non-Conference
2013.0,2013-09-17,Seymour,Home,W,3-2,,,Bay Conference
2013.0,2013-09-19,West De Pere,Away,L,1-2,,,Bay Conference
2013.0,2013-09-21,Mayville,Neutral,W,3-0,Berlin Invite,,Non-Conference
2013.0,2013-09-21,Montello/Westfield,Neutral,W,8-2,Berlin Invite,,Non-Conference
2013.0,2013-09-21,Ripon,Neutral,W,1-0,Berlin Invite,,Non-Conference
2013.0,2013-09-24,Shawano,Away,W,3-1,,,Bay Conference
2013.0,2013-09-26,Waupaca,Away,W,4-0,,,Bay Conference
2013.0,2013-09-28,Ashwaubenon,Away,T,2-2,Polar Bear Tri,,Non-Conference
2013.0,2013-09-28,Plymouth,Home,L,1-3,Polar Bear Tri,,Non-Conference
2013.0,2013-10-01,New London,Away,W,4-1,,,Bay Conference
2013.0,2013-10-03,Denmark,Home,W,10-0,,,Bay Conference
2013.0,2013-10-08,New London,Home,W,4-0,,,Bay Conference
2013.0,2013-10-10,Shawano,Home,W,3-0,,,Bay Conference
2013.0,2013-10-15,Rhinelander,Home,W,5-1,D2,,Post Season
2013.0,2013-10-17,Pulaski,Away,L,0-1,D2,,Post Season
2012.0,2012-08-16,Waupaca,Home,W,5-0,,,Non-Conference
2012.0,2012-08-20,Appleton East,Away,L,1-3,,,Non-Conference
2012.0,2012-08-23,Manitowoc Lincoln,Home,L,1-3,,,Non-Conference
2012.0,2012-08-24,Freedom,Away,L,2-3,,,Bay Conference
2012.0,2012-08-30,Seymour,Away,W,3-1,,,Bay Conference
2012.0,2012-09-06,Shawano,Home,L,0-5,,,Bay Conference
2012.0,2012-09-11,Denmark,Away,W,11-0,,,Bay Conference
2012.0,2012-09-13,West De Pere,Home,W,2-1,,,Bay Conference
2012.0,2012-09-15,Berlin,Away,W,7-0,Berlin Invite,,Non-Conference
2012.0,2012-09-15,Middleton Varsity Reserve,Neutral,T,0-0,Berlin Invite,,Non-Conference
2012.0,2012-09-15,Portage/Poynette,Neutral,T,1-1,Berlin Invite,,Non-Conference
2012.0,2012-09-18,Luxemburg-Casco,Home,W,5-2,,,Bay Conference
2012.0,2012-09-20,Marinette,Away,L,3-5,,,Bay Conference
2012.0,2012-09-24,Clintonville,Away,W,4-1,,,Non-Conference
2012.0,2012-09-25,New London,Home,W,7-2,,,Bay Conference
2012.0,2012-09-27,Shawano,Home,L,0-1,,,Bay Conference
2012.0,2012-10-02,Marinette,Home,W,4-2,,,Bay Conference
2012.0,2012-10-04,New London,Home,W,5-0,,,Bay Conference
2012.0,2012-10-09,Hartford,Away,L,0-6,D1,,Post Season
2011.0,2011-08-16,Appleton East,Home,L,0-3,,,Non-Conference
2011.0,2011-08-18,Waupaca,Away,W,5-1,,,Bay Conference
2011.0,2011-08-23,Denmark,Away,W,10-0,,,Bay Conference
2011.0,2011-08-25,Seymour,Away,W,5-2,,,Bay Conference
2011.0,2011-08-30,West De Pere,Away,L,1-2,,,Bay Conference
2011.0,2011-09-01,Shawano,Home,W,2-0,,,Bay Conference
2011.0,2011-09-06,Luxemburg-Casco,Home,W,5-1,,,Bay Conference
2011.0,2011-09-08,Marinette,Away,W,6-0,,,Bay Conference
2011.0,2011-09-10,Green Bay NEW Lutheran/PA,Home,T,2-2,Berlin Invite,,Non-Conference
2011.0,2011-09-10,New Holstein,Home,W,3-1,Berlin Invite,,Non-Conference
2011.0,2011-09-10,Saint Mary's Springs,Home,W,7-1,Berlin Invite,,Non-Conference
2011.0,2011-09-13,New London,Home,L,1-3,,,Bay Conference
2011.0,2011-09-15,Denmark,Home,W,8-0,,,Bay Conference
2011.0,2011-09-20,Seymour,Home,W,4-1,,,Bay Conference
2011.0,2011-09-22,West De Pere,Home,W,3-0,,,Bay Conference
2011.0,2011-09-27,Shawano,Away,L,2-4,,,Bay Conference
2011.0,2011-09-29,Fox Valley Lutheran,Away,L,0-5,,,Bay Conference
2011.0,2011-10-03,New London,Away,W,2-1,,,Bay Conference
2011.0,2011-10-04,Marinette,Home,W,1-0,,,Bay Conference
2011.0,2011-10-06,Luxemburg-Casco,Away,L,1-2,,,Bay Conference
2011.0,2011-10-11,Hartford,Away,L,0-6,D1,,Post Season
2010.0,2010-08-17,Appleton East,Away,L,0-3,,,Non-Conference
2010.0,2010-08-19,Oshkosh West,Away,L,0-3,,,Non-Conference
2010.0,2010-08-24,Fox Valley Lutheran,Home,L,1-5,,,Bay Conference
2010.0,2010-08-26,Marinette,Home,L,0-1,,,Bay Conference
2010.0,2010-08-28,Fond du Lac,Away,L,0-3,,,Non-Conference
2010.0,2010-08-31,Luxemburg-Casco,Away,L,1-3,,,Bay Conference
2010.0,2010-09-02,New London,Away,T,3-3,,,Bay Conference
2010.0,2010-09-07,Seymour,Home,W,3-0,,,Bay Conference
2010.0,2010-09-09,Shawano,Home,W,1-0,,,Bay Conference
2010.0,2010-09-11,Green Bay West,Home,T,0-0,1st Polar Bear Quad,,Non-Conference
2010.0,2010-09-11,Menasha,Home,W,8-0,1st Polar Bear Quad,,Non-Conference
2010.0,2010-09-11,Winnebago Lutheran Academy,Home,L,0-3,1st Polar Bear Quad,,Non-Conference
2010.0,2010-09-14,West De Pere,Home,L,1-2,,,Bay Conference
2010.0,2010-09-16,Kaukauna,Away,L,0-1,,,Non-Conference
2010.0,2010-09-17,Oshkosh North,Home,L,1-2,,,Non-Conference
2010.0,2010-09-21,Luxemburg-Casco,Home,L,0-1,,,Bay Conference
2010.0,2010-09-28,New London,Home,L,1-2,,,Bay Conference
2010.0,2010-09-30,Seymour,Away,W,2-0,,,Bay Conference
2010.0,2010-10-04,Marinette,Away,W,4-3,,,Bay Conference
2010.0,2010-10-05,Shawano,Away,W,2-1,,,Bay Conference
2010.0,2010-10-07,West De Pere,Away,L,1-2,,,Bay Conference
2010.0,2010-10-12,Appleton North,Away,L,0-6,,,Post Season
2009.0,2009-08-25,Fox Valley Lutheran,Away,L,0-3,,,Non-Conference
2009.0,2009-08-27,Luxemburg-Casco,Home,L,0-6,First game played at stadium,,Bay Conference
2009.0,2009-09-01,Marinette,Away,W,7-0,,,Bay Conference
2009.0,2009-09-03,New London,Home,W,5-0,,,Bay Conference
2009.0,2009-09-08,Seymour,Away,W,2-0,,,Bay Conference
2009.0,2009-09-10,Shawano,Home,W,5-0,,,Bay Conference
2009.0,2009-09-15,West De Pere,Away,W,1-0,,,Bay Conference
2009.0,2009-09-19,Little Chute,Neutral,W,4-1,St. Mary Central Invite ,,Non-Conference
2009.0,2009-09-19,Milwaukee Ronald Reagan,Neutral,W,3-0,St. Mary Central Invite ,,Non-Conference
2009.0,2009-09-19,Oshkosh Lourdes,Neutral,T,1-1,St. Mary Central Invite ,,Non-Conference
2009.0,2009-09-22,Luxemburg-Casco,Away,L,1-3,,,Bay Conference
2009.0,2009-09-24,Marinette,Home,W,5-0,,,Bay Conference
2009.0,2009-09-26,Kimberly,Away,L,1-4,Kimberly Invite - Played back to back 90 minute games,,Non-Conference
2009.0,2009-09-26,Pulaski,Neutral,L,1-3,Kimberly Invite,,Non-Conference
2009.0,2009-09-29,New London,Away,W,2-1,,,Bay Conference
2009.0,2009-10-01,Seymour,Home,W,2-0,,,Bay Conference
2009.0,2009-10-06,West De Pere,Home,T,2-2,,,Bay Conference
2009.0,2009-10-10,Kimberly,Neutral,L,0-2,Little Chute Quad,,Non-Conference
2009.0,2009-10-10,Little Chute,Away,T,1-1,Little Chute Quad,,Non-Conference
2009.0,2009-10-10,Marinette,Neutral,W,2-0,Little Chute Quad - Played Conference team in Non-Conference meeting,,Non-Conference
2009.0,2009-10-13,Appleton North,Away,L,2-4,,,Post Season
2008.0,2008-08-30,Beaver Dam,Neutral,L,0-2,Sheboygan South Invite,,Non-Conference
2008.0,2008-08-30,Oostburg,Neutral,W,3-0,Sheboygan South Invite,,Non-Conference
2008.0,2008-08-30,Plymouth,Neutral,L,1-4,Sheboygan South Invite,,Non-Conference
2008.0,2008-09-04,West De Pere,Home,L,2-4,,,Bay Conference
2008.0,2008-09-09,Luxemburg-Casco,Away,L,1-3,,,Bay Conference
2008.0,2008-09-11,Marinette,Home,W,2-0,,,Bay Conference
2008.0,2008-09-16,New London,Away,L,0-4,,,Bay Conference
2008.0,2008-09-18,Seymour,Home,W,2-0,,,Bay Conference
2008.0,2008-09-20,Howards Grove,Neutral,T,0-0,St. Mary Central Invite ,,Non-Conference
2008.0,2008-09-20,Milwaukee Ronald Reagan,Neutral,W,3-2,St. Mary Central Invite ,,Non-Conference
2008.0,2008-09-20,Oshkosh Lourdes,Neutral,W,1-0,St. Mary Central Invite ,,Non-Conference
2008.0,2008-09-23,Shawano,Away,L,0-1,,,Bay Conference
2008.0,2008-09-25,West De Pere,Away,L,0-2,,,Bay Conference
2008.0,2008-10-02,Luxemburg-Casco,Home,L,0-3,,,Bay Conference
2008.0,2008-10-07,Marinette,Away,W,2-0,,,Bay Conference
2008.0,2008-10-09,New London,Home,L,0-3,,,Bay Conference
2008.0,2008-10-11,Kimberly,Neutral,L,0-6,Little Chute Quad,,Non-Conference
2008.0,2008-10-11,Little Chute,Away,W,5-0,Little Chute Quad,,Non-Conference
2008.0,2008-10-11,Marinette,Neutral,T,0-0,Little Chute Quad - Played Conference team in Non-Conference meeting,,Non-Conference
2008.0,2008-10-14,Seymour,Away,W,2-1,,,Bay Conference
2008.0,2008-10-16,Shawano,Home,W,2-1,,,Bay Conference
2008.0,2008-10-24,Hartford,Away,L,0-4,,,Post Season
2007.0,2007-08-25,Howards Grove,Neutral,W,2-0,Sheboygan South Invite,,Non-Conference
2007.0,2007-08-25,Kiel,Neutral,W,1-0,Sheboygan South Invite,,Non-Conference
2007.0,2007-08-25,Sauk Prairie,Neutral,L,0-1,Sheboygan South Invite,,Non-Conference
2007.0,2007-08-27,Clintonville,Away,W,3-0,,,Non-Conference
2007.0,2007-08-28,West De Pere,Away,L,1-3,,,Bay Conference
2007.0,2007-08-30,Kaukauna,Home,L,1-8,,,Non-Conference
2007.0,2007-09-04,Luxemburg-Casco,Home,L,1-3,,,Bay Conference
2007.0,2007-09-06,Marinette,Away,W,2-1,,,Bay Conference
2007.0,2007-09-11,New London,Home,T,1-1,,,Bay Conference
2007.0,2007-09-13,Seymour,Away,W,2-1,,,Bay Conference
2007.0,2007-09-15,Howards Grove,Neutral,T,1-1,St. Mary Central Invite ,,Non-Conference
2007.0,2007-09-15,Milwaukee Ronald Reagan,Neutral,W,3-1,St. Mary Central Invite ,,Non-Conference
2007.0,2007-09-15,Oshkosh Lourdes,Neutral,T,2-2,St. Mary Central Invite ,,Non-Conference
2007.0,2007-09-18,Shawano,Home,L,1-3,,,Bay Conference
2007.0,2007-09-20,West De Pere,Home,W,2-1,,,Bay Conference
2007.0,2007-09-22,Little Chute,Away,L,0-1,Little Chute Quad,,Non-Conference
2007.0,2007-09-22,Marinette,Neutral,W,1-0,Little Chute Quad - Played Conference team in Non-Conference meeting,,Non-Conference
2007.0,2007-09-22,Seymour,Neutral,L,1-3,Little Chute Quad - Played Conference team in Non-Conference meeting,,Non-Conference
2007.0,2007-09-27,Luxemburg-Casco,Away,L,1-6,,,Bay Conference
2007.0,2007-10-02,Marinette,Home,W,1-0,,,Bay Conference
2007.0,2007-10-04,New London,Away,L,1-2,,,Bay Conference
2007.0,2007-10-09,Seymour,Home,W,3-2,,,Bay Conference
2007.0,2007-10-11,Shawano,Away,L,0-1,,,Bay Conference
2007.0,2007-10-18,Neenah,Away,L,0-10,,,Post Season
2006.0,2006-08-22,Winneconne,Away,T,2-2,,,Non-Conference
2006.0,2006-08-26,Beaver Dam,Neutral,L,0-7,Sheboygan South Invite,,Non-Conference
2006.0,2006-08-26,Howards Grove,Neutral,L,0-5,Sheboygan South Invite,,Non-Conference
2006.0,2006-08-26,Menasha,Neutral,L,0-4,Sheboygan South Invite,,Non-Conference
2006.0,2006-08-29,Clintonville,Home,T,1-1,,,Eastern Valley Conference
2006.0,2006-08-31,Berlin,Away,L,0-4,,,Non-Conference
2006.0,2006-09-05,Freedom,Away,W,4-2,,,Eastern Valley Conference
2006.0,2006-09-12,Waupaca,Home,L,1-7,,,Eastern Valley Conference
2006.0,2006-09-16,New Holstein,Neutral,L,1-4,St. Mary Central Invite ,,Non-Conference
2006.0,2006-09-16,Newman Catholic,Neutral,T,1-1,St. Mary Central Invite ,,Non-Conference
2006.0,2006-09-16,Oshkosh Lourdes,Neutral,T,1-1,St. Mary Central Invite ,,Non-Conference
2006.0,2006-09-19,Little Chute,Away,L,3-4,,,Eastern Valley Conference
2006.0,2006-09-26,Xavier,Home,L,1-5,,,Eastern Valley Conference
2006.0,2006-09-30,Kaukauna,Away,L,0-3,Kaukauna Invite,,Non-Conference
2006.0,2006-09-30,Pulaski,Neutral,L,0-3,Kaukauna Invite,,Non-Conference
2006.0,2006-09-30,Wausau East,Neutral,L,0-3,Kaukauna Invite,,Non-Conference
2006.0,2006-10-03,Fox Valley Lutheran,Away,L,0-7,,,Eastern Valley Conference
2006.0,2006-10-10,Seymour,Away,T,1-1,,,Eastern Valley Conference
2006.0,2006-10-12,Freedom,Home,L,0-3,,,Eastern Valley Conference
2006.0,2006-10-14,Clintonville,Away,L,1-2,,,Eastern Valley Conference
2006.0,2006-10-16,Omro,Home,L,0-1,,,Non-Conference
2006.0,2006-10-19,Appleton East,Away,L,,,,Post Season
2005.0,2005-08-30,Seymour,Away,W,9-2,,,Eastern Valley Conference
2005.0,2005-09-02,Berlin,Home,W,6-1,,,Non-Conference
2005.0,2005-09-07,Ripon,Away,W,6-1,,,Eastern Valley Conference
2005.0,2005-09-14,New London,Home,W,2-1,,,Eastern Valley Conference
2005.0,2005-09-18,Antigo,Away,L,1-2,,,Non-Conference
2005.0,2005-09-18,Merrill,Neutral,W,3-1,,,Non-Conference
2005.0,2005-09-21,Xavier,Home,L,0-3,,,Eastern Valley Conference
2005.0,2005-09-23,Berlin,Away,L,3-6,,,Non-Conference
2005.0,2005-09-30,Clintonville,Home,W,9-1,,,Eastern Valley Conference
2005.0,2005-10-04,Fox Valley Lutheran,Away,L,3-4,,,Eastern Valley Conference
2005.0,2005-10-11,Waupaca,Home,L,0-4,,,Eastern Valley Conference
2005.0,2005-10-13,Little Chute,Away,L,1-3,,,Eastern Valley Conference
2005.0,2005-10-18,Appleton West,Away,L,0-6,,,Post Season
,,,,NAN,,,,
,,,,NAN,,,,
,,,,NAN,,,,
,,,,NAN,,,,
,,,,NAN,,,,
,,,,NAN,,,,
,,,,NAN,,,,
,,,,NAN,,,,
,,,,NAN,,,,
,,,,NAN,,,,
,,,,NAN,,,,
,,,,NAN,,,,
,,,,NAN,,,,
,,,,NAN,,,,
,,,,NAN,,,,
,,,,NAN,,,,
,,,,NAN,,,,
,,,,NAN,,,,
,,,,NAN,,,,
,,,,NAN,,,,
,,,,NAN,,,,
,,,,NAN,,,,
,,,,NAN,,,,
